<?xml version="1.0" encoding="utf-8"?>
<Project DefaultTargets="Build" xmlns="http://schemas.microsoft.com/developer/msbuild/2003">
  <ItemGroup Label="ProjectConfigurations">
    <ProjectConfiguration Include="Debug|Win32">
      <Configuration>Debug</Configuration>
      <Platform>Win32</Platform>
    </ProjectConfiguration>
    <ProjectConfiguration Include="Release|Win32">
      <Configuration>Release</Configuration>
      <Platform>Win32</Platform>
    </ProjectConfiguration>
    <ProjectConfiguration Include="Debug|x64">
      <Configuration>Debug</Configuration>
      <Platform>x64</Platform>
    </ProjectConfiguration>
    <ProjectConfiguration Include="Release|x64">
      <Configuration>Release</Configuration>
      <Platform>x64</Platform>
    </ProjectConfiguration>
  </ItemGroup>
  <PropertyGroup Label="Globals">
    <VCProjectVersion>16.0</VCProjectVersion>
    <Keyword>Win32Proj</Keyword>
    <ProjectGuid>{c1911495-983c-4eb1-bbd8-94cad0cc0d91}</ProjectGuid>
    <RootNamespace>GameEngine</RootNamespace>
    <WindowsTargetPlatformVersion>10.0</WindowsTargetPlatformVersion>
  </PropertyGroup>
  <Import Project="$(VCTargetsPath)\Microsoft.Cpp.Default.props" />
  <PropertyGroup Condition="'$(Configuration)|$(Platform)'=='Debug|Win32'" Label="Configuration">
    <ConfigurationType>StaticLibrary</ConfigurationType>
    <UseDebugLibraries>true</UseDebugLibraries>
    <PlatformToolset>v142</PlatformToolset>
    <CharacterSet>Unicode</CharacterSet>
  </PropertyGroup>
  <PropertyGroup Condition="'$(Configuration)|$(Platform)'=='Release|Win32'" Label="Configuration">
    <ConfigurationType>StaticLibrary</ConfigurationType>
    <UseDebugLibraries>false</UseDebugLibraries>
    <PlatformToolset>v142</PlatformToolset>
    <WholeProgramOptimization>true</WholeProgramOptimization>
    <CharacterSet>Unicode</CharacterSet>
  </PropertyGroup>
  <PropertyGroup Condition="'$(Configuration)|$(Platform)'=='Debug|x64'" Label="Configuration">
    <ConfigurationType>StaticLibrary</ConfigurationType>
    <UseDebugLibraries>true</UseDebugLibraries>
    <PlatformToolset>v142</PlatformToolset>
    <CharacterSet>Unicode</CharacterSet>
  </PropertyGroup>
  <PropertyGroup Condition="'$(Configuration)|$(Platform)'=='Release|x64'" Label="Configuration">
    <ConfigurationType>StaticLibrary</ConfigurationType>
    <UseDebugLibraries>false</UseDebugLibraries>
    <PlatformToolset>v142</PlatformToolset>
    <WholeProgramOptimization>true</WholeProgramOptimization>
    <CharacterSet>Unicode</CharacterSet>
  </PropertyGroup>
  <Import Project="$(VCTargetsPath)\Microsoft.Cpp.props" />
  <ImportGroup Label="ExtensionSettings">
  </ImportGroup>
  <ImportGroup Label="Shared">
  </ImportGroup>
  <ImportGroup Label="PropertySheets" Condition="'$(Configuration)|$(Platform)'=='Debug|Win32'">
    <Import Project="$(UserRootDir)\Microsoft.Cpp.$(Platform).user.props" Condition="exists('$(UserRootDir)\Microsoft.Cpp.$(Platform).user.props')" Label="LocalAppDataPlatform" />
  </ImportGroup>
  <ImportGroup Label="PropertySheets" Condition="'$(Configuration)|$(Platform)'=='Release|Win32'">
    <Import Project="$(UserRootDir)\Microsoft.Cpp.$(Platform).user.props" Condition="exists('$(UserRootDir)\Microsoft.Cpp.$(Platform).user.props')" Label="LocalAppDataPlatform" />
  </ImportGroup>
  <ImportGroup Label="PropertySheets" Condition="'$(Configuration)|$(Platform)'=='Debug|x64'">
    <Import Project="$(UserRootDir)\Microsoft.Cpp.$(Platform).user.props" Condition="exists('$(UserRootDir)\Microsoft.Cpp.$(Platform).user.props')" Label="LocalAppDataPlatform" />
  </ImportGroup>
  <ImportGroup Label="PropertySheets" Condition="'$(Configuration)|$(Platform)'=='Release|x64'">
    <Import Project="$(UserRootDir)\Microsoft.Cpp.$(Platform).user.props" Condition="exists('$(UserRootDir)\Microsoft.Cpp.$(Platform).user.props')" Label="LocalAppDataPlatform" />
  </ImportGroup>
  <PropertyGroup Label="UserMacros" />
  <PropertyGroup Condition="'$(Configuration)|$(Platform)'=='Debug|Win32'">
    <LinkIncremental>true</LinkIncremental>
    <OutDir>../BIn/</OutDir>
    <IntDir>../BinObj/</IntDir>
    <TargetName>$(ProjectName)_Debug</TargetName>
  </PropertyGroup>
  <PropertyGroup Condition="'$(Configuration)|$(Platform)'=='Release|Win32'">
    <LinkIncremental>false</LinkIncremental>
    <OutDir>../BIn/</OutDir>
    <IntDir>../BinObj/</IntDir>
  </PropertyGroup>
  <PropertyGroup Condition="'$(Configuration)|$(Platform)'=='Debug|x64'">
    <LinkIncremental>true</LinkIncremental>
    <OutDir>../BIn/</OutDir>
    <IntDir>../BinObj/</IntDir>
    <TargetName>$(ProjectName)_Debug</TargetName>
  </PropertyGroup>
  <PropertyGroup Condition="'$(Configuration)|$(Platform)'=='Release|x64'">
    <LinkIncremental>false</LinkIncremental>
    <OutDir>../BIn/</OutDir>
    <IntDir>../BinObj/</IntDir>
  </PropertyGroup>
  <ItemDefinitionGroup Condition="'$(Configuration)|$(Platform)'=='Debug|Win32'">
    <ClCompile>
      <WarningLevel>Level3</WarningLevel>
      <SDLCheck>true</SDLCheck>
      <PreprocessorDefinitions>WIN32;_DEBUG;_LIB;%(PreprocessorDefinitions)</PreprocessorDefinitions>
      <ConformanceMode>true</ConformanceMode>
    </ClCompile>
    <Link>
      <SubSystem>
      </SubSystem>
      <GenerateDebugInformation>true</GenerateDebugInformation>
    </Link>
    <PostBuildEvent>
      <Command>call $(SolutionDir)Copy.bat</Command>
    </PostBuildEvent>
  </ItemDefinitionGroup>
  <ItemDefinitionGroup Condition="'$(Configuration)|$(Platform)'=='Release|Win32'">
    <ClCompile>
      <WarningLevel>Level3</WarningLevel>
      <FunctionLevelLinking>true</FunctionLevelLinking>
      <IntrinsicFunctions>true</IntrinsicFunctions>
      <SDLCheck>true</SDLCheck>
      <PreprocessorDefinitions>WIN32;NDEBUG;_LIB;%(PreprocessorDefinitions)</PreprocessorDefinitions>
      <ConformanceMode>true</ConformanceMode>
    </ClCompile>
    <Link>
      <SubSystem>
      </SubSystem>
      <EnableCOMDATFolding>true</EnableCOMDATFolding>
      <OptimizeReferences>true</OptimizeReferences>
      <GenerateDebugInformation>true</GenerateDebugInformation>
    </Link>
    <PostBuildEvent>
      <Command>call $(SolutionDir)Copy.bat</Command>
    </PostBuildEvent>
  </ItemDefinitionGroup>
  <ItemDefinitionGroup Condition="'$(Configuration)|$(Platform)'=='Debug|x64'">
    <ClCompile>
      <WarningLevel>Level3</WarningLevel>
      <SDLCheck>true</SDLCheck>
      <PreprocessorDefinitions>_DEBUG;_LIB;%(PreprocessorDefinitions)</PreprocessorDefinitions>
      <ConformanceMode>true</ConformanceMode>
    </ClCompile>
    <Link>
      <SubSystem>
      </SubSystem>
      <GenerateDebugInformation>true</GenerateDebugInformation>
    </Link>
    <PostBuildEvent>
      <Command>call $(SolutionDir)Copy.bat</Command>
    </PostBuildEvent>
  </ItemDefinitionGroup>
  <ItemDefinitionGroup Condition="'$(Configuration)|$(Platform)'=='Release|x64'">
    <ClCompile>
      <WarningLevel>Level3</WarningLevel>
      <FunctionLevelLinking>true</FunctionLevelLinking>
      <IntrinsicFunctions>true</IntrinsicFunctions>
      <SDLCheck>true</SDLCheck>
      <PreprocessorDefinitions>NDEBUG;_LIB;%(PreprocessorDefinitions)</PreprocessorDefinitions>
      <ConformanceMode>true</ConformanceMode>
    </ClCompile>
    <Link>
      <SubSystem>
      </SubSystem>
      <EnableCOMDATFolding>true</EnableCOMDATFolding>
      <OptimizeReferences>true</OptimizeReferences>
      <GenerateDebugInformation>true</GenerateDebugInformation>
    </Link>
    <PostBuildEvent>
      <Command>call $(SolutionDir)Copy.bat</Command>
    </PostBuildEvent>
  </ItemDefinitionGroup>
  <ItemGroup>
    <ClInclude Include="Animation\AnimationSequence2DData.h" />
    <ClInclude Include="Animation\AnimationSequence2DInstance.h" />
    <ClInclude Include="Collision\Collision.h" />
    <ClInclude Include="Collision\CollisionManager.h" />
    <ClInclude Include="Component\CameraComponent.h" />
    <ClInclude Include="Component\ColliderBox2D.h" />
    <ClInclude Include="Component\ColliderCircle.h" />
    <ClInclude Include="Component\ColliderComponent.h" />
    <ClInclude Include="Component\ColliderPixel.h" />
    <ClInclude Include="Component\Component.h" />
    <ClInclude Include="Component\ObjectComponent.h" />
    <ClInclude Include="Component\SceneComponent.h" />
    <ClInclude Include="Component\SpriteComponent.h" />
    <ClInclude Include="Component\StaticMeshComponent.h" />
    <ClInclude Include="Component\Transform.h" />
    <ClInclude Include="Component\WidgetComponent.h" />
    <ClInclude Include="Device.h" />
    <ClInclude Include="Engine.h" />
    <ClInclude Include="EngineMath.h" />
    <ClInclude Include="Excel\enum.h" />
    <ClInclude Include="Excel\IAutoFilterT.h" />
    <ClInclude Include="Excel\IBookT.h" />
    <ClInclude Include="Excel\IFilterColumnT.h" />
    <ClInclude Include="Excel\IFontT.h" />
    <ClInclude Include="Excel\IFormatT.h" />
    <ClInclude Include="Excel\IFormControlT.h" />
    <ClInclude Include="Excel\IRichStringT.h" />
    <ClInclude Include="Excel\ISheetT.h" />
    <ClInclude Include="Excel\libxl.h" />
    <ClInclude Include="Excel\setup.h" />
    <ClInclude Include="Flag.h" />
    <ClInclude Include="fmod.h" />
    <ClInclude Include="fmod.hpp" />
    <ClInclude Include="fmod_codec.h" />
    <ClInclude Include="fmod_common.h" />
    <ClInclude Include="fmod_dsp.h" />
    <ClInclude Include="fmod_dsp_effects.h" />
    <ClInclude Include="fmod_errors.h" />
    <ClInclude Include="fmod_output.h" />
    <ClInclude Include="GameInfo.h" />
    <ClInclude Include="GameObject\GameObject.h" />
    <ClInclude Include="imconfig.h" />
    <ClInclude Include="imgui.h" />
    <ClInclude Include="IMGUIButton.h" />
    <ClInclude Include="IMGUICheckBox.h">
      <ExcludedFromBuild Condition="'$(Configuration)|$(Platform)'=='Debug|Win32'">false</ExcludedFromBuild>
      <ExcludedFromBuild Condition="'$(Configuration)|$(Platform)'=='Release|Win32'">false</ExcludedFromBuild>
      <ExcludedFromBuild Condition="'$(Configuration)|$(Platform)'=='Debug|x64'">false</ExcludedFromBuild>
      <ExcludedFromBuild Condition="'$(Configuration)|$(Platform)'=='Release|x64'">false</ExcludedFromBuild>
    </ClInclude>
    <ClInclude Include="IMGUIComboBox.h" />
    <ClInclude Include="IMGUIImage.h" />
    <ClInclude Include="IMGUILabel.h" />
    <ClInclude Include="IMGUIListBox.h" />
    <ClInclude Include="IMGUIManager.h" />
    <ClInclude Include="IMGUIRadio.h">
      <ExcludedFromBuild Condition="'$(Configuration)|$(Platform)'=='Debug|Win32'">false</ExcludedFromBuild>
      <ExcludedFromBuild Condition="'$(Configuration)|$(Platform)'=='Release|Win32'">false</ExcludedFromBuild>
      <ExcludedFromBuild Condition="'$(Configuration)|$(Platform)'=='Debug|x64'">false</ExcludedFromBuild>
      <ExcludedFromBuild Condition="'$(Configuration)|$(Platform)'=='Release|x64'">false</ExcludedFromBuild>
    </ClInclude>
    <ClInclude Include="IMGUISameLine.h" />
    <ClInclude Include="IMGUITestWindow.h" />
    <ClInclude Include="IMGUIText.h" />
    <ClInclude Include="IMGUITextInput.h" />
    <ClInclude Include="IMGUITreeNode.h">
      <ExcludedFromBuild Condition="'$(Configuration)|$(Platform)'=='Debug|Win32'">false</ExcludedFromBuild>
      <ExcludedFromBuild Condition="'$(Configuration)|$(Platform)'=='Release|Win32'">false</ExcludedFromBuild>
      <ExcludedFromBuild Condition="'$(Configuration)|$(Platform)'=='Debug|x64'">false</ExcludedFromBuild>
      <ExcludedFromBuild Condition="'$(Configuration)|$(Platform)'=='Release|x64'">false</ExcludedFromBuild>
    </ClInclude>
    <ClInclude Include="IMGUIWidget.h" />
    <ClInclude Include="IMGUIWindow.h" />
    <ClInclude Include="imgui_impl_dx11.h" />
    <ClInclude Include="imgui_impl_win32.h" />
    <ClInclude Include="imgui_internal.h" />
    <ClInclude Include="imstb_rectpack.h" />
    <ClInclude Include="imstb_textedit.h" />
    <ClInclude Include="imstb_truetype.h" />
    <ClInclude Include="Input.h" />
    <ClInclude Include="Matrix.h" />
    <ClInclude Include="PathManager.h" />
    <ClInclude Include="Ref.h" />
    <ClInclude Include="Render\BlendState.h" />
    <ClInclude Include="Render\DepthStencilState.h" />
    <ClInclude Include="Render\RenderManager.h" />
    <ClInclude Include="Render\RenderState.h" />
    <ClInclude Include="Render\RenderStateManager.h" />
    <ClInclude Include="resource.h" />
    <ClInclude Include="Resource\Animation\AnimationManager.h" />
    <ClInclude Include="Resource\Animation\AnimationSequence2D.h" />
    <ClInclude Include="Resource\Font\FontManager.h" />
    <ClInclude Include="Resource\Material\Material.h" />
    <ClInclude Include="Resource\Material\MaterialManager.h" />
    <ClInclude Include="Resource\Mesh\Mesh.h" />
    <ClInclude Include="Resource\Mesh\MeshManager.h" />
    <ClInclude Include="Resource\Mesh\SpriteMesh.h" />
    <ClInclude Include="Resource\Mesh\StaticMesh.h" />
    <ClInclude Include="Resource\ResourceManager.h" />
    <ClInclude Include="Resource\Shader\Animation2DConstantBuffer.h" />
    <ClInclude Include="Resource\Shader\ColliderConstantBuffer.h" />
    <ClInclude Include="Resource\Shader\ColliderPixelShader.h" />
    <ClInclude Include="Resource\Shader\ColliderShader.h" />
    <ClInclude Include="Resource\Shader\ColorMeshShader.h" />
    <ClInclude Include="Resource\Shader\ComputeShader.h" />
    <ClInclude Include="Resource\Shader\ConstantBuffer.h" />
    <ClInclude Include="Resource\Shader\ConstantBufferBase.h" />
    <ClInclude Include="Resource\Shader\GraphicShader.h" />
    <ClInclude Include="Resource\Shader\MaterialConstantBuffer.h" />
    <ClInclude Include="Resource\Shader\Mesh2DShader.h" />
    <ClInclude Include="Resource\Shader\NumberShader.h" />
    <ClInclude Include="Resource\Shader\PosMeshShader.h" />
    <ClInclude Include="Resource\Shader\ProgressBarConstantBuffer.h" />
    <ClInclude Include="Resource\Shader\ProgressBarShader.h" />
    <ClInclude Include="Resource\Shader\Shader.h" />
    <ClInclude Include="Resource\Shader\ShaderManager.h" />
    <ClInclude Include="Resource\Shader\Standard2DConstantBuffer.h" />
    <ClInclude Include="Resource\Shader\TransformConstantBuffer.h" />
    <ClInclude Include="Resource\Shader\WidgetConstantBuffer.h" />
    <ClInclude Include="Resource\Shader\WidgetShader.h" />
    <ClInclude Include="Resource\Sound\Sound.h" />
    <ClInclude Include="Resource\Sound\SoundManager.h" />
    <ClInclude Include="Resource\Texture\DirectXTex.h" />
    <ClInclude Include="Resource\Texture\Texture.h" />
    <ClInclude Include="Resource\Texture\TextureManager.h" />
    <ClInclude Include="Scene\CameraManager.h" />
    <ClInclude Include="Scene\CollisionSection.h" />
    <ClInclude Include="Scene\Scene.h" />
    <ClInclude Include="Scene\SceneCollision.h" />
    <ClInclude Include="Scene\SceneManager.h" />
    <ClInclude Include="Scene\SceneMode.h" />
    <ClInclude Include="Scene\SceneResource.h" />
    <ClInclude Include="Scene\Viewport.h" />
    <ClInclude Include="SharedPtr.h" />
    <ClInclude Include="Timer.h" />
    <ClInclude Include="Vector2.h" />
    <ClInclude Include="Vector3.h" />
    <ClInclude Include="Vector4.h" />
    <ClInclude Include="Widget\Button.h" />
    <ClInclude Include="Widget\Image.h" />
    <ClInclude Include="Widget\Number.h" />
    <ClInclude Include="Widget\ProgressBar.h" />
    <ClInclude Include="Widget\Text.h" />
    <ClInclude Include="Widget\Widget.h" />
    <ClInclude Include="Widget\WidgetWindow.h" />
  </ItemGroup>
  <ItemGroup>
    <ClCompile Include="Animation\AnimationSequence2DData.cpp" />
    <ClCompile Include="Animation\AnimationSequence2DInstance.cpp" />
    <ClCompile Include="Collision\Collision.cpp" />
    <ClCompile Include="Collision\CollisionManager.cpp" />
    <ClCompile Include="Component\CameraComponent.cpp" />
    <ClCompile Include="Component\ColliderBox2D.cpp" />
    <ClCompile Include="Component\ColliderCircle.cpp" />
    <ClCompile Include="Component\ColliderComponent.cpp" />
    <ClCompile Include="Component\ColliderPixel.cpp" />
    <ClCompile Include="Component\Component.cpp" />
    <ClCompile Include="Component\ObjectComponent.cpp" />
    <ClCompile Include="Component\SceneComponent.cpp" />
    <ClCompile Include="Component\SpriteComponent.cpp" />
    <ClCompile Include="Component\StaticMeshComponent.cpp" />
    <ClCompile Include="Component\Transform.cpp" />
    <ClCompile Include="Component\WidgetComponent.cpp" />
    <ClCompile Include="Device.cpp" />
    <ClCompile Include="Engine.cpp" />
    <ClCompile Include="GameObject\GameObject.cpp" />
    <ClCompile Include="imgui.cpp" />
    <ClCompile Include="IMGUIButton.cpp" />
    <ClCompile Include="IMGUICheckBox.cpp">
      <ExcludedFromBuild Condition="'$(Configuration)|$(Platform)'=='Debug|Win32'">false</ExcludedFromBuild>
      <ExcludedFromBuild Condition="'$(Configuration)|$(Platform)'=='Release|Win32'">false</ExcludedFromBuild>
      <ExcludedFromBuild Condition="'$(Configuration)|$(Platform)'=='Debug|x64'">false</ExcludedFromBuild>
      <ExcludedFromBuild Condition="'$(Configuration)|$(Platform)'=='Release|x64'">false</ExcludedFromBuild>
    </ClCompile>
    <ClCompile Include="IMGUIComboBox.cpp" />
    <ClCompile Include="IMGUIImage.cpp" />
    <ClCompile Include="IMGUILabel.cpp" />
    <ClCompile Include="IMGUIListBox.cpp" />
    <ClCompile Include="IMGUIManager.cpp" />
    <ClCompile Include="IMGUIRadio.cpp">
      <ExcludedFromBuild Condition="'$(Configuration)|$(Platform)'=='Debug|Win32'">false</ExcludedFromBuild>
      <ExcludedFromBuild Condition="'$(Configuration)|$(Platform)'=='Release|Win32'">false</ExcludedFromBuild>
      <ExcludedFromBuild Condition="'$(Configuration)|$(Platform)'=='Debug|x64'">false</ExcludedFromBuild>
      <ExcludedFromBuild Condition="'$(Configuration)|$(Platform)'=='Release|x64'">false</ExcludedFromBuild>
    </ClCompile>
    <ClCompile Include="IMGUISameLine.cpp" />
    <ClCompile Include="IMGUITestWindow.cpp" />
    <ClCompile Include="IMGUIText.cpp" />
    <ClCompile Include="IMGUITextInput.cpp" />
    <ClCompile Include="IMGUITreeNode.cpp">
      <ExcludedFromBuild Condition="'$(Configuration)|$(Platform)'=='Debug|Win32'">false</ExcludedFromBuild>
      <ExcludedFromBuild Condition="'$(Configuration)|$(Platform)'=='Release|Win32'">false</ExcludedFromBuild>
      <ExcludedFromBuild Condition="'$(Configuration)|$(Platform)'=='Debug|x64'">false</ExcludedFromBuild>
      <ExcludedFromBuild Condition="'$(Configuration)|$(Platform)'=='Release|x64'">false</ExcludedFromBuild>
    </ClCompile>
    <ClCompile Include="IMGUIWidget.cpp" />
    <ClCompile Include="IMGUIWindow.cpp" />
    <ClCompile Include="imgui_demo.cpp" />
    <ClCompile Include="imgui_draw.cpp" />
    <ClCompile Include="imgui_impl_dx11.cpp" />
    <ClCompile Include="imgui_impl_win32.cpp" />
    <ClCompile Include="imgui_tables.cpp" />
    <ClCompile Include="imgui_widgets.cpp" />
    <ClCompile Include="Input.cpp" />
    <ClCompile Include="Matrix.cpp" />
    <ClCompile Include="PathManager.cpp" />
    <ClCompile Include="Ref.cpp" />
    <ClCompile Include="Render\BlendState.cpp" />
    <ClCompile Include="Render\DepthStencilState.cpp" />
    <ClCompile Include="Render\RenderManager.cpp" />
    <ClCompile Include="Render\RenderState.cpp" />
    <ClCompile Include="Render\RenderStateManager.cpp" />
    <ClCompile Include="Resource\Animation\AnimationManager.cpp" />
    <ClCompile Include="Resource\Animation\AnimationSequence2D.cpp" />
    <ClCompile Include="Resource\Font\FontManager.cpp" />
    <ClCompile Include="Resource\Material\Material.cpp" />
    <ClCompile Include="Resource\Material\MaterialManager.cpp" />
    <ClCompile Include="Resource\Mesh\Mesh.cpp" />
    <ClCompile Include="Resource\Mesh\MeshManager.cpp" />
    <ClCompile Include="Resource\Mesh\SpriteMesh.cpp" />
    <ClCompile Include="Resource\Mesh\StaticMesh.cpp" />
    <ClCompile Include="Resource\ResourceManager.cpp" />
    <ClCompile Include="Resource\Shader\Animation2DConstantBuffer.cpp" />
    <ClCompile Include="Resource\Shader\ColliderConstantBuffer.cpp" />
    <ClCompile Include="Resource\Shader\ColliderPixelShader.cpp" />
    <ClCompile Include="Resource\Shader\ColliderShader.cpp" />
    <ClCompile Include="Resource\Shader\ColorMeshShader.cpp" />
    <ClCompile Include="Resource\Shader\ComputeShader.cpp" />
    <ClCompile Include="Resource\Shader\ConstantBuffer.cpp" />
    <ClCompile Include="Resource\Shader\ConstantBufferBase.cpp" />
    <ClCompile Include="Resource\Shader\GraphicShader.cpp" />
    <ClCompile Include="Resource\Shader\MaterialConstantBuffer.cpp" />
    <ClCompile Include="Resource\Shader\Mesh2DShader.cpp" />
    <ClCompile Include="Resource\Shader\NumberShader.cpp" />
    <ClCompile Include="Resource\Shader\PosMeshShader.cpp" />
    <ClCompile Include="Resource\Shader\ProgressBarConstantBuffer.cpp" />
    <ClCompile Include="Resource\Shader\ProgressBarShader.cpp" />
    <ClCompile Include="Resource\Shader\Shader.cpp" />
    <ClCompile Include="Resource\Shader\ShaderManager.cpp" />
    <ClCompile Include="Resource\Shader\Standard2DConstantBuffer.cpp" />
    <ClCompile Include="Resource\Shader\TransformConstantBuffer.cpp" />
    <ClCompile Include="Resource\Shader\WidgetConstantBuffer.cpp" />
    <ClCompile Include="Resource\Shader\WidgetShader.cpp" />
    <ClCompile Include="Resource\Sound\Sound.cpp" />
    <ClCompile Include="Resource\Sound\SoundManager.cpp" />
    <ClCompile Include="Resource\Texture\Texture.cpp" />
    <ClCompile Include="Resource\Texture\TextureManager.cpp" />
    <ClCompile Include="Scene\CameraManager.cpp" />
    <ClCompile Include="Scene\CollisionSection.cpp" />
    <ClCompile Include="Scene\Scene.cpp" />
    <ClCompile Include="Scene\SceneCollision.cpp" />
    <ClCompile Include="Scene\SceneManager.cpp" />
    <ClCompile Include="Scene\SceneMode.cpp" />
    <ClCompile Include="Scene\SceneResource.cpp" />
    <ClCompile Include="Scene\Viewport.cpp" />
    <ClCompile Include="Timer.cpp" />
    <ClCompile Include="Vector2.cpp" />
    <ClCompile Include="Vector3.cpp" />
    <ClCompile Include="Vector4.cpp" />
    <ClCompile Include="Widget\Button.cpp" />
    <ClCompile Include="Widget\Image.cpp" />
    <ClCompile Include="Widget\Number.cpp" />
    <ClCompile Include="Widget\ProgressBar.cpp" />
    <ClCompile Include="Widget\Text.cpp" />
    <ClCompile Include="Widget\Widget.cpp" />
    <ClCompile Include="Widget\WidgetWindow.cpp" />
  </ItemGroup>
  <ItemGroup>
    <FxCompile Include="..\Bin\Shader\Collider.fx">
      <EntryPointName Condition="'$(Configuration)|$(Platform)'=='Debug|x64'">ColliderMeshVS</EntryPointName>
      <ShaderType Condition="'$(Configuration)|$(Platform)'=='Debug|x64'">Effect</ShaderType>
      <ShaderModel Condition="'$(Configuration)|$(Platform)'=='Debug|x64'">5.0</ShaderModel>
    </FxCompile>
    <FxCompile Include="..\Bin\Shader\ColorMesh.fx">
      <EntryPointName Condition="'$(Configuration)|$(Platform)'=='Debug|Win32'">ColorMeshVS</EntryPointName>
      <ShaderType Condition="'$(Configuration)|$(Platform)'=='Debug|Win32'">Effect</ShaderType>
      <ShaderModel Condition="'$(Configuration)|$(Platform)'=='Debug|Win32'">5.0</ShaderModel>
      <EntryPointName Condition="'$(Configuration)|$(Platform)'=='Release|Win32'">ColorMeshVS</EntryPointName>
      <ShaderType Condition="'$(Configuration)|$(Platform)'=='Release|Win32'">Effect</ShaderType>
      <ShaderModel Condition="'$(Configuration)|$(Platform)'=='Release|Win32'">5.0</ShaderModel>
      <EntryPointName Condition="'$(Configuration)|$(Platform)'=='Debug|x64'">ColorMeshVS</EntryPointName>
      <ShaderType Condition="'$(Configuration)|$(Platform)'=='Debug|x64'">Effect</ShaderType>
      <ShaderModel Condition="'$(Configuration)|$(Platform)'=='Debug|x64'">5.0</ShaderModel>
      <EntryPointName Condition="'$(Configuration)|$(Platform)'=='Release|x64'">ColorMeshVS</EntryPointName>
      <ShaderType Condition="'$(Configuration)|$(Platform)'=='Release|x64'">Effect</ShaderType>
      <ShaderModel Condition="'$(Configuration)|$(Platform)'=='Release|x64'">5.0</ShaderModel>
    </FxCompile>
    <FxCompile Include="..\Bin\Shader\Mesh2D.fx">
      <EntryPointName Condition="'$(Configuration)|$(Platform)'=='Debug|Win32'">Mesh2DVS</EntryPointName>
      <ShaderType Condition="'$(Configuration)|$(Platform)'=='Debug|Win32'">Effect</ShaderType>
      <ShaderModel Condition="'$(Configuration)|$(Platform)'=='Debug|Win32'">5.0</ShaderModel>
      <EntryPointName Condition="'$(Configuration)|$(Platform)'=='Release|Win32'">Mesh2DVS</EntryPointName>
      <ShaderType Condition="'$(Configuration)|$(Platform)'=='Release|Win32'">Effect</ShaderType>
      <ShaderModel Condition="'$(Configuration)|$(Platform)'=='Release|Win32'">5.0</ShaderModel>
      <EntryPointName Condition="'$(Configuration)|$(Platform)'=='Debug|x64'">Mesh2DVS</EntryPointName>
      <ShaderType Condition="'$(Configuration)|$(Platform)'=='Debug|x64'">Effect</ShaderType>
      <ShaderModel Condition="'$(Configuration)|$(Platform)'=='Debug|x64'">5.0</ShaderModel>
      <EntryPointName Condition="'$(Configuration)|$(Platform)'=='Release|x64'">Mesh2DVS</EntryPointName>
      <ShaderType Condition="'$(Configuration)|$(Platform)'=='Release|x64'">Effect</ShaderType>
      <ShaderModel Condition="'$(Configuration)|$(Platform)'=='Release|x64'">5.0</ShaderModel>
    </FxCompile>
    <FxCompile Include="..\Bin\Shader\ShaderInfo.fx">
      <ExcludedFromBuild Condition="'$(Configuration)|$(Platform)'=='Debug|Win32'">true</ExcludedFromBuild>
      <ExcludedFromBuild Condition="'$(Configuration)|$(Platform)'=='Release|Win32'">true</ExcludedFromBuild>
      <ExcludedFromBuild Condition="'$(Configuration)|$(Platform)'=='Debug|x64'">true</ExcludedFromBuild>
      <ExcludedFromBuild Condition="'$(Configuration)|$(Platform)'=='Release|x64'">true</ExcludedFromBuild>
    </FxCompile>
    <FxCompile Include="..\Bin\Shader\Widget.fx">
      <EntryPointName Condition="'$(Configuration)|$(Platform)'=='Debug|x64'">WidgetVS</EntryPointName>
      <ShaderType Condition="'$(Configuration)|$(Platform)'=='Debug|x64'">Effect</ShaderType>
      <ShaderModel Condition="'$(Configuration)|$(Platform)'=='Debug|x64'">5.0</ShaderModel>
    </FxCompile>
  </ItemGroup>
  <ItemGroup>
    <None Include="fmod.cs" />
    <None Include="fmod_dsp.cs" />
    <None Include="fmod_errors.cs" />
    <None Include="Resource\Texture\DirectXTex.inl" />
  </ItemGroup>
  <ItemGroup>
    <ResourceCompile Include="GameEngine.rc" />
  </ItemGroup>
  <Import Project="$(VCTargetsPath)\Microsoft.Cpp.targets" />
  <ImportGroup Label="ExtensionTargets">
  </ImportGroup>
</Project>